Género,aleator,Edad,Peso,Estatura,IMC,Circunferencia de cintura,ATPII/AHA/IDF,fenilalax,glupromx,glummol,insuprom,HOMA2-IR,HOMA2B(%),HOMA2S%,quickix,ohd3x,tirosinax,Alanina,Aspartato,Glutamato,Leucina,Ornitina,Prolina,Tirosina,Carnitina libre,Propionilcarnitina,Isovalerilcarnitina,Tiglilcarnitina,Me-Glutarilcarnitina,Decanoilcarnitina,Tetradecanoilcarnitina,3-OH-Isovalerilcarnitina,3-OH-Palmitoilcarnitina,Linoleoilcarnitina,Arginina,Citrulina,Glicina,Metionina,Fenilalanina,Succinilacetona,Valina,Acetilcarnitina,Butirilcarnitina,Glutarilcarnitina,Hexanoilcarnitina,Octanoilcarnitina,Dodecanoilcarnitina,Tetradecenoilcarnitina,Palmitoilcarnitina,Estearoilcarnitina,3-OH-Linoleoilcarnitina,PROTEINAProm_(G),Proteina_natural,%_proteina_natural,Proteina_SP,SP_gr/kg,%_Proteina_SP,GRASAProm(G),CARBOHIDRATOProm_(G),ENERGIAProm_(KCAL),COLESTEROLProm_(MG),FENILALANINAProm_(G),TIROSINAProm_(G),VITAMINA_B12Prom_(MCG),FOLATOProm_(MCG),CALCIOProm_(MG),COBREProm_(MG),HIERROProm_(MG),ZINCProm_(MG),VITAMINA_Dprom,HOMA-IR alterado
M,Control,20.4,68.1,168.1,24.0997027,78.5,no,0.6,83.8,4.6,8.3,1.1,118.2,94.9,0.35,33.2,0.7,108.43,42.75,68.66,100.31,45.06,90.15,40.18,21.62,1.83,0.05,0.01,0.05,0.2,0.08,0.29,0.01,0.88,26.84,13.33,243.86,14.9,38.59,0.0,135.95,10.43,0.1,0.04,0.03,0.09,0.05,0.05,0.87,0.55,0.02,98.6,98.6,100.0,0.0,0.0,0.0,93.5,285.5,2166.5,49.0,0.6935,3.6175,10.265,737.5,1397.5,4.9,21.5,17.5,7.7,No
M,PKU 2,26.8,74.6,162.5,28.25088757,94.0,si,10.5,98.5,5.5,18.2,2.4,142.4,42.1,0.31,23.1,0.6,230.47,27.87,93.29,133.49,17.0,129.15,35.38,27.39,1.49,0.8,0.01,0.13,0.13,0.04,0.31,0.01,1.48,53.53,26.83,207.72,10.74,627.21,0.0,179.7,12.03,0.09,0.03,0.03,0.04,0.03,0.04,0.7,0.37,0.03,64.8,63.1,97.37654320987654,30.0,0.4021447721179625,46.3,71.0,580.0,3387.0,0.0,1.009,10.264,30.4,4392.0,3581.0,5.1,57.4,48.7,6.0,No
F,PKU 2,17.5,59.5,149.8,26.51510425,82.0,no,11.5,84.7,4.7,11.5,1.5,141.1,68.5,0.33,25.8,1.0,85.09,81.77,34.34,73.1,39.08,62.6,54.8,19.21,1.69,0.1,0.06,0.06,0.21,0.06,0.17,0.03,0.62,26.56,26.97,269.06,31.17,689.27,0.19,102.52,14.56,0.14,0.09,0.04,0.11,0.07,0.14,0.63,0.4,0.04,68.7,68.7,100.0,0.0,0.0,0.0,51.0,225.5,1579.5,102.5,2.577,2.019,4.49,271.0,535.5,1.6,12.15,10.3,0.0,No
M,PKU 2,24.8,77.6,169.4,27.04175721,89.0,si,17.9,84.3,4.7,12.6,1.6,150.1,62.7,0.33,28.6,0.5,148.38,38.72,34.62,74.09,26.16,73.34,27.08,14.21,1.57,0.07,0.11,0.05,0.16,0.05,0.12,0.01,0.47,15.48,21.57,400.61,37.03,1071.42,0.18,96.88,10.35,0.1,0.07,0.03,0.08,0.05,0.05,0.55,0.45,0.02,27.5,27.5,100.0,0.0,0.0,0.0,100.5,257.5,2120.0,77.0,2.336,1.847,2.615,999.0,716.0,1.3,10.8,5.75,0.8,No
F,PKU 1,25.2,67.6,154.0,28.50396357,83.0,si,12.8,87.6,4.9,15.2,1.9,157.0,51.2,0.32,28.3,0.7,122.94,24.78,34.78,70.77,30.1,69.77,41.24,18.47,0.9,0.09,0.03,0.05,0.07,0.08,0.2,0.02,0.85,24.94,20.31,134.0,16.49,766.69,0.31,140.04,11.5,0.1,0.05,0.04,0.06,0.03,5.0,0.57,0.36,0.03,78.2,16.4,20.971867007672632,67.5,0.9985207100591716,86.3,44.0,196.5,1534.5,0.0,0.3995,7.0465,21.38,1869.0,2103.0,3.0,33.55,30.95,16.9,No
F,Control,18.1,79.4,151.4,34.63927169,90.0,si,0.57,107.4,6.0,19.9,2.7,127.8,37.8,0.3,22.4,0.9,157.18,30.48,53.11,77.71,34.29,77.96,49.54,17.21,1.43,0.1,0.05,0.06,0.06,0.04,0.27,0.01,0.7,24.99,18.11,136.65,15.31,34.02,0.33,107.09,10.38,0.09,0.03,0.02,0.04,0.02,0.04,0.62,0.35,0.05,100.7,100.7,100.0,0.0,0.0,0.0,154.0,437.0,3713.0,456.0,7.457,6.479,7.72,491.0,2369.0,2.4,17.3,22.7,1.1,Si
F,Control,19.2,61.8,152.5,26.57350175,76.5,no,0.62,93.3,5.2,9.7,1.3,102.9,78.9,0.34,55.3,0.76,88.33,64.64,94.94,103.68,54.1,80.65,41.79,31.59,1.4,0.12,0.02,0.05,0.15,0.05,0.27,0.01,1.16,21.54,20.15,370.18,18.29,37.04,0.31,11.14,18.31,0.14,0.02,0.03,0.1,0.03,0.06,0.69,0.39,0.07,49.5,49.5,100.0,0.0,0.0,0.0,67.5,287.5,2030.0,10.5,0.7615,5.097,13.925,1166.0,1635.5,2.2,28.4,23.5,11.4,No
M,PKU 2,23.6,80.7,173.0,26.96381436,102.5,no,17.1,95.4,5.3,12.2,1.6,115.9,62.7,0.33,13.4,0.5,172.94,43.39,110.49,133.59,35.48,100.74,25.35,25.06,1.3,0.03,0.07,0.08,0.28,0.03,0.21,0.01,0.9,53.02,2.05,368.68,16.22,1023.01,0.0,128.55,12.79,0.17,0.01,0.03,0.22,0.07,0.15,0.41,0.22,0.01,25.9,25.9,100.0,0.0,0.0,0.0,32.0,305.0,1583.0,19.5,1.076,1.5875,2.875,1556.0,588.0,1.55,15.9,9.4,3.1,No
F,Control,19.1,61.2,160.0,23.90625,80.0,no,0.8,93.8,5.2,19.7,2.5,166.9,39.6,0.31,26.4,1.0,149.58,46.91,34.58,107.59,17.0,124.93,56.45,12.17,1.02,0.19,0.1,0.06,0.08,0.05,0.27,0.03,1.25,27.46,9.84,148.36,16.55,46.04,0.15,132.25,9.01,0.09,0.06,0.03,0.08,0.03,0.07,0.42,0.33,0.07,85.1,85.1,100.0,0.0,0.0,0.0,59.0,187.5,1912.0,0.0,0.3365,11.6255,22.505,1557.5,5186.0,2.5,69.35,55.25,26.7,Si
F,PKU 2,24.8,74.4,149.5,33.28821825,101.5,no,11.5,84.7,4.7,14.1,1.8,161.9,56.2,0.32,25.4,0.6,189.71,48.09,56.15,65.73,34.03,53.06,34.61,14.96,0.9,0.07,0.05,0.05,0.09,0.03,0.21,0.01,0.63,21.12,16.3,169.48,34.63,687.86,0.28,107.93,10.58,0.11,0.07,0.04,0.06,0.02,0.05,0.48,0.24,0.02,53.5,53.5,100.0,0.0,0.0,0.0,52.5,328.0,1942.0,271.0,2.1475,1.5165,2.12,225.5,484.0,0.95,12.1,6.8,1.4,No
F,PKU 2,25.4,114.1,161.0,44.01836349,123.5,no,14.6,87.1,4.8,52.0,6.2,376.1,16.2,0.27,20.0,0.5,106.44,25.65,34.18,72.48,22.74,43.65,27.41,17.63,1.5,0.11,0.04,0.06,0.11,0.05,0.16,0.02,0.58,26.12,14.13,185.71,47.17,877.86,0.2,118.49,13.81,0.13,0.1,0.04,0.07,0.04,0.09,0.46,0.23,0.03,28.9,28.9,100.0,0.0,0.0,0.0,114.0,385.0,3052.0,620.5,6.934,5.278,5.435,625.5,1559.5,3.1,26.8,18.6,2.0,Si
M,Control,19.7,76.2,176.5,24.46051248,79.0,no,0.9,90.0,5.0,9.3,1.2,108.1,83.0,0.34,28.6,1.0,123.51,58.48,34.12,108.94,43.35,80.85,55.76,24.66,1.29,0.14,0.09,0.06,0.26,0.05,0.26,0.01,1.05,41.34,26.81,161.88,22.93,51.7,0.24,129.36,15.18,0.12,0.06,0.04,0.14,0.06,0.09,0.54,0.52,0.04,96.5,96.5,100.0,0.0,0.0,0.0,33.0,198.0,1398.5,5.0,0.572,6.131,15.33,1108.5,2139.0,2.45,31.85,27.7,13.9,No
M,Control,22.7,61.0,164.2,22.62473648,81.0,no,0.8,100.3,5.6,6.5,0.9,67.7,114.8,0.36,18.6,1.1,212.23,84.97,54.52,122.3,39.25,109.25,61.54,22.94,1.93,0.15,0.1,0.05,0.16,0.06,0.27,0.02,0.86,31.82,20.18,214.68,24.15,47.07,0.3,161.52,16.59,0.21,0.1,0.05,0.09,0.03,0.06,0.86,0.59,0.02,46.1,46.1,100.0,0.0,0.0,0.0,132.5,279.0,2850.0,304.5,4.4835,3.7515,7.77,461.5,647.5,1.65,16.95,17.15,3.0,No
M,Control,25.9,74.9,171.5,25.46557982,85.5,no,0.8,77.9,4.3,4.5,0.6,90.0,177.1,0.39,31.2,0.9,108.76,58.33,58.69,157.92,72.76,77.66,47.18,27.08,2.54,0.23,0.04,0.06,0.14,0.06,0.24,0.01,1.47,22.98,37.06,147.82,20.6,46.26,0.24,525.98,15.62,0.29,0.07,0.04,0.03,0.03,0.12,0.89,0.43,0.09,121.3,121.3,100.0,0.0,0.0,0.0,53.5,117.0,1118.0,181.5,1.9325,1.4115,1.37,228.5,188.0,0.65,7.5,5.4,0.5,No
M,PKU 2,26.4,88.4,168.3,31.20930037,104.5,no,11.3,93.2,5.2,9.0,1.2,97.8,84.9,0.34,23.6,1.0,212.08,50.56,34.1,99.34,50.24,80.97,53.58,23.57,1.85,0.08,0.06,0.06,0.2,0.05,0.17,0.02,0.51,21.61,22.93,180.65,47.43,677.16,0.19,143.59,13.25,0.14,0.1,0.06,0.11,0.07,0.12,0.36,0.18,0.03,36.4,36.4,100.0,0.0,0.0,0.0,71.5,237.0,1754.5,125.0,2.027,1.4925,2.365,475.0,317.0,1.1,11.0,8.45,0.2,No
F,PKU 1,29.7,52.3,156.0,21.49079553,69.0,no,2.8,80.2,4.4,3.5,0.4,72.7,225.8,0.41,46.9,0.89,174.65,48.96,77.94,76.82,41.95,65.79,49.06,21.0,0.94,0.1,0.03,0.1,0.04,0.05,0.24,0.01,0.6,13.67,23.63,177.0,16.81,167.9,0.0,126.42,12.27,0.13,0.03,0.01,0.03,0.03,0.04,0.36,0.24,0.01,73.1,4.7,6.429548563611491,70.2,1.3422562141491396,96.1,38.0,253.0,1565.0,2.5,0.6335,4.416,11.23,652.5,1482.5,2.05,24.7,20.65,9.8,No
M,PKU 2,21.3,63.2,162.5,23.93372781,80.0,no,1.6,85.3,4.7,10.9,1.4,136.1,72.2,0.34,24.2,1.4,151.74,43.16,68.11,121.27,17.0,136.72,79.43,19.49,1.15,0.1,0.07,0.07,0.07,0.04,0.27,0.02,1.21,33.51,20.2,135.8,16.05,96.22,0.24,186.52,10.36,0.13,0.09,0.04,0.08,0.02,0.04,0.53,0.43,0.04,43.1,65.9,152.9002320185615,7.5,0.1186708860759493,17.4,58.5,239.0,1735.5,195.0,3.106,2.3685,2.955,1399.0,417.0,1.0,12.9,6.3,3.3,No
M,PKU 1,27.0,91.4,180.0,28.20987654,94.0,no,1.1,79.7,4.4,5.0,0.6,92.1,158.5,0.39,50.0,0.6,106.31,36.68,34.92,80.9,33.81,68.07,34.24,11.49,0.8,0.07,0.07,0.05,0.14,0.03,0.17,0.01,0.64,30.26,19.51,173.18,17.94,64.0,0.52,134.57,10.96,0.18,0.06,0.04,0.07,0.03,0.08,0.32,0.27,0.02,123.7,41.6,33.62974939369442,96.0,1.050328227571116,77.6,44.5,285.0,1730.5,0.0,0.354,4.2985,12.83,1527.5,1534.5,2.2,22.1,19.35,10.1,No
F,PKU 1,25.4,95.5,160.9,36.88852442,108.0,no,10.6,94.1,5.2,27.5,3.5,209.8,28.7,0.29,33.6,1.1,143.7,40.89,50.96,95.48,39.07,69.77,60.23,28.29,2.13,0.13,0.1,0.06,0.09,0.06,0.19,0.02,1.06,25.54,17.77,177.04,18.44,634.07,0.41,180.98,15.19,0.18,0.09,0.04,0.06,0.03,0.07,0.58,0.32,0.02,155.2,19.5,12.564432989690722,144.0,1.5078534031413613,92.8,52.0,182.5,1376.5,322.5,2.2825,1.888,3.42,218.0,596.5,0.6,9.05,10.1,2.2,Si
M,PKU 2,26.0,76.9,164.0,28.59161214,100.0,si,20.4,96.4,5.3,22.9,2.9,178.4,34.1,0.3,6.1,0.8,184.7,58.8,48.65,110.0,17.0,122.41,41.79,17.1,1.49,0.11,0.05,0.05,0.11,0.03,0.17,0.01,0.55,36.95,23.01,271.99,32.94,1221.79,0.27,146.08,9.62,0.12,0.09,0.03,0.08,0.03,0.06,0.47,0.32,0.02,93.8,93.8,100.0,0.0,0.0,0.0,86.5,257.0,2138.5,246.0,3.7225,2.977,5.04,190.5,469.5,1.35,13.9,13.75,0.2,Si
F,Control,18.6,75.3,159.0,29.78521419,87.5,si,0.84,103.1,5.7,17.0,2.2,126.4,44.6,0.31,29.4,1.22,160.1,19.23,71.55,146.28,47.57,101.0,67.19,29.08,3.09,0.12,0.07,0.05,0.25,0.08,0.36,0.01,1.06,18.5,14.23,134.61,20.59,50.54,0.27,177.06,17.41,0.14,0.02,0.01,0.08,0.07,0.08,0.81,0.49,0.06,66.6,66.6,100.0,0.0,0.0,0.0,82.0,442.5,3067.5,45.0,1.8405,8.6455,15.245,1404.0,2574.0,3.25,48.75,33.1,14.2,No
F,Control,28.9,84.6,156.7,34.45342252,107.0,si,0.78,86.7,4.8,35.4,4.3,290.0,23.1,0.29,36.6,0.57,171.04,26.97,105.81,130.75,29.07,81.36,31.29,18.68,1.4,0.12,0.03,0.05,0.04,0.03,0.19,0.01,0.48,15.0,4.43,61.9,19.37,47.0,0.1,176.0,9.59,0.05,0.06,0.02,0.08,0.02,0.04,0.52,0.24,0.05,101.1,101.1,100.0,0.0,0.0,0.0,20.5,210.5,1137.5,9.5,0.9645,2.55,1.14,1950.5,673.0,1.15,14.9,8.55,1.9,Si
M,PKU 1,22.3,97.4,171.0,33.30939434,105.0,no,4.0,87.8,4.9,18.1,2.3,176.1,43.6,0.31,22.7,1.1,132.42,35.62,34.93,98.8,40.38,94.62,61.52,17.55,1.63,0.11,0.14,0.06,0.13,0.06,0.14,0.01,0.63,33.74,22.17,197.77,23.1,241.47,0.82,169.28,13.3,0.13,0.08,0.04,0.08,0.05,0.11,0.56,0.27,0.02,65.8,33.5,50.911854103343465,42.0,0.4312114989733059,63.9,95.0,545.5,3441.0,14.5,0.4095,8.364,25.65,3350.5,2817.5,3.3,41.0,37.25,16.9,No
F,Control,19.1,44.4,153.0,18.96706395,58.0,no,0.6,80.5,4.5,7.9,1.0,119.5,100.3,0.36,40.9,0.5,93.94,31.23,34.05,87.44,26.45,46.07,27.97,10.7,0.78,0.07,0.04,0.05,0.29,0.04,0.14,0.02,0.43,23.06,27.22,131.36,21.82,35.38,0.4,126.43,6.52,0.09,0.04,0.05,0.13,0.06,0.11,0.33,0.3,0.03,57.9,57.9,100.0,0.0,0.0,0.0,109.5,330.0,2479.0,49.0,0.5525,4.096,11.23,1647.5,1431.5,2.05,23.45,19.6,9.3,No
M,PKU 1,22.7,66.5,172.3,22.40015845,81.0,no,15.8,79.7,4.4,4.2,0.5,82.0,188.5,0.4,37.7,0.9,60.03,29.05,34.82,68.32,29.44,55.09,49.81,30.58,1.6,0.11,0.12,0.05,0.1,0.04,0.15,0.01,0.71,19.5,18.01,145.96,20.76,945.66,0.76,121.0,13.0,0.13,0.08,0.04,0.07,0.02,0.06,0.49,0.32,0.02,36.2,33.2,91.71270718232044,12.0,0.1804511278195488,33.1,216.5,1023.5,6345.0,124.5,4.177,3.0515,1.9,3323.0,640.0,2.25,27.2,11.35,0.2,No
F,PKU 2,18.3,48.0,153.5,20.37156893,68.5,no,8.0,95.2,5.3,15.7,2.0,137.1,49.0,0.31,37.5,0.6,177.2,50.92,34.23,84.0,33.63,66.21,35.51,20.79,1.22,0.08,0.05,0.06,0.07,0.05,0.11,0.03,0.53,28.73,22.99,341.84,30.42,482.57,0.8,117.17,14.61,0.15,0.08,0.03,0.06,0.03,0.08,0.45,0.27,0.03,50.0,14.7,29.4,40.5,0.84375,81.0,60.5,312.0,1836.5,15.5,1.076,0.679,0.0,5022.5,251.0,1.3,9.65,4.8,0.0,No
M,Control,21.1,61.5,172.4,20.69191057,74.0,no,0.9,93.1,5.2,6.1,0.8,78.2,124.5,0.36,23.0,1.1,146.72,64.52,34.04,132.92,47.59,256.82,59.91,19.78,2.15,0.11,0.12,0.07,0.15,0.09,0.26,0.01,0.62,36.19,21.4,146.24,19.63,54.25,0.28,196.27,9.56,0.15,0.09,0.02,0.07,0.04,0.05,0.61,0.49,0.02,80.1,80.1,100.0,0.0,0.0,0.0,84.5,245.5,2015.5,77.5,1.709,4.409,10.28,2941.0,1311.5,1.95,19.1,17.4,7.7,No
F,Control,30.4,65.5,164.3,24.26421096,70.0,no,0.6,84.5,4.7,7.5,1.0,105.8,104.3,0.36,24.2,0.8,120.21,42.32,34.26,90.11,52.13,65.48,42.07,25.36,2.24,0.15,0.05,0.06,0.13,0.05,0.2,0.02,0.92,22.0,19.9,179.99,23.95,36.33,0.37,122.19,12.44,0.26,0.09,0.05,0.08,0.03,0.05,0.63,0.488,0.03,49.7,19.6,39.43661971830986,36.0,0.549618320610687,72.5,34.0,117.5,830.0,10.5,0.3405,1.2425,2.26,478.0,518.5,0.85,8.85,6.2,2.4,No
F,PKU 1,27.0,58.8,157.5,23.7037037,76.0,no,3.4,82.9,4.6,8.1,1.0,116.3,97.2,0.35,43.1,0.6,204.85,32.74,34.86,74.7,51.52,86.14,35.34,25.37,2.71,0.17,0.09,0.05,0.1,0.07,0.22,0.01,1.05,21.45,24.72,256.69,18.68,205.73,0.56,119.83,15.29,0.2,0.09,0.04,0.05,0.03,0.06,0.63,0.41,0.02,107.9,107.9,100.0,0.0,0.0,0.0,83.0,273.5,2018.0,69.0,0.5435,2.7675,5.425,1149.5,1186.0,0.75,20.0,13.05,6.7,No
M,Control,24.5,90.3,169.5,31.43028689,109.5,no,0.66,93.1,5.2,5.5,0.7,72.9,138.0,0.37,25.7,0.65,126.27,38.85,116.39,123.99,43.84,91.28,35.93,16.62,1.88,0.08,0.01,0.05,0.2,0.04,0.28,0.01,1.37,36.16,21.05,187.19,12.35,39.78,0.25,135.04,11.17,0.13,0.01,0.04,0.09,0.04,0.06,0.68,0.47,0.04,95.3,95.3,100.0,0.0,0.0,0.0,59.5,767.5,3607.0,0.0,1.2455,0.8995,0.0,2748.5,1205.0,1.85,12.75,4.55,0.0,No
M,PKU 1,18.0,62.7,171.2,21.3924251,77.0,no,10.4,83.6,4.6,7.7,1.0,112.4,102.2,0.36,28.4,0.6,117.87,31.09,34.37,66.89,37.05,70.8,31.73,23.4,0.67,0.08,0.13,0.07,0.15,0.08,0.14,0.01,0.91,25.68,16.98,279.1,20.04,621.76,0.16,132.18,9.1,0.1,0.09,0.04,0.1,0.08,0.09,0.5,0.7,0.03,77.3,53.4,69.08150064683053,40.7,0.6491228070175439,52.7,75.0,272.5,1861.0,14.0,1.2435,1.5645,2.38,1625.0,501.5,1.25,12.45,6.85,2.1,No
M,Control,27.2,68.0,167.4,24.2659895,81.0,no,0.7,96.6,5.4,7.0,0.9,76.5,107.7,0.35,20.4,1.1,177.83,33.01,34.02,109.37,53.16,93.21,60.58,22.29,2.17,0.13,0.06,0.05,0.08,0.07,0.28,0.02,1.49,53.15,25.83,210.42,22.11,41.43,0.37,159.63,12.11,0.21,0.07,0.04,0.07,0.03,0.06,0.89,0.86,0.05,153.7,153.7,100.0,0.0,0.0,0.0,93.5,548.5,3398.5,626.5,4.212,3.3735,5.385,208.0,550.5,1.85,15.85,8.8,1.5,No
F,Control,23.1,52.2,161.8,19.93946348,69.0,no,0.6,86.9,4.8,11.8,1.5,137.7,66.4,0.33,21.2,0.8,107.91,33.36,51.75,82.61,27.2,42.39,41.62,1402.0,1.13,0.07,0.08,0.06,0.16,0.03,0.19,0.02,0.36,27.14,16.37,156.83,17.82,35.9,0.47,99.52,7.78,0.07,0.07,0.04,0.1,0.04,0.06,0.37,0.2,0.02,44.1,44.1,100.0,0.0,0.0,0.0,108.5,505.5,3339.0,0.0,0.58,5.5365,11.505,687.5,2529.0,5.55,38.65,26.5,12.0,No
M,Control,25.9,63.8,175.0,20.83265306,78.0,no,0.8,87.0,4.8,8.1,1.0,106.8,96.1,0.35,25.3,1.1,115.69,41.83,55.73,96.75,66.36,133.73,60.19,26.6,1.89,0.12,0.14,0.06,0.22,0.05,0.18,0.01,0.66,32.26,27.31,192.92,20.78,45.22,0.5,139.57,14.04,0.12,0.08,0.04,0.13,0.05,0.09,0.56,0.4,0.03,137.0,137.0,100.0,0.0,0.0,0.0,35.0,332.5,1715.5,16.0,1.338,0.866,0.055,1698.0,379.5,1.25,10.55,3.45,2.3,No
M,Control,18.3,53.0,162.3,20.12050283,70.0,no,0.68,98.0,5.4,6.2,0.8,70.5,121.4,0.36,32.3,0.87,107.35,34.8,63.52,106.7,51.35,114.2,43.44,29.99,1.49,0.12,0.03,0.05,0.12,0.05,0.3,0.01,0.82,39.78,34.74,172.65,18.31,40.64,0.44,125.02,13.98,0.11,0.03,0.01,0.06,0.02,0.04,0.61,0.39,0.04,143.5,143.5,100.0,0.0,0.0,0.0,68.5,188.5,1844.5,930.5,5.6815,4.6425,10.325,525.0,1221.5,1.45,15.95,14.8,8.1,No
M,Control,18.6,87.8,173.4,29.20090623,91.5,no,0.91,92.7,5.1,10.2,1.3,110.7,75.4,0.34,24.8,1.14,137.63,33.94,34.07,110.5,38.02,79.92,62.74,13.33,1.27,0.11,0.09,0.06,0.21,0.06,0.27,0.01,0.68,44.77,21.26,200.21,17.68,55.06,0.39,111.73,10.0,0.12,0.08,0.04,0.1,0.04,0.06,0.66,0.42,0.03,99.1,99.1,100.0,0.0,0.0,0.0,86.0,286.5,2403.5,764.0,4.896,3.8805,6.485,497.5,1119.0,1.55,16.6,17.7,1.7,No
F,PKU 2,26.5,81.7,154.0,34.44931692,107.5,no,19.3,91.4,5.1,42.0,5.2,290.8,19.4,0.28,16.0,0.7,126.52,25.52,54.26,84.19,39.34,68.57,53.86,16.93,0.5,0.04,0.01,0.06,11.0,0.03,0.07,0.01,0.39,36.16,23.7,216.99,18.64,877.09,0.0,173.41,6.71,0.1,0.03,0.01,0.0,0.03,0.07,0.4,0.19,0.01,41.8,41.8,100.0,0.0,0.0,0.0,163.0,443.5,3862.5,542.0,7.031,5.9055,5.9,1996.5,1840.5,2.0,22.5,17.55,1.4,Si
F,Control,23.2,63.8,149.5,28.546,80.0,no,0.71,86.4,4.8,10.4,1.3,126.4,75.2,0.34,46.9,0.8,153.64,47.14,34.81,104.44,38.84,67.48,45.2,16.92,1.24,0.08,0.08,0.06,0.13,0.05,0.29,0.02,0.78,28.58,15.33,152.19,20.49,42.71,0.19,132.44,8.91,0.12,0.08,0.04,0.09,0.04,0.07,0.47,0.28,0.06,81.3,81.3,100.0,0.0,0.0,0.0,52.5,218.0,1689.0,0.0,0.4095,5.671,13.055,2101.0,2288.0,1.7,32.55,26.25,13.0,No
F,Control,26.8,58.6,156.0,24.07955293,73.5,no,0.73,87.8,4.9,30.4,3.8,251.5,26.5,0.29,23.1,0.9,159.55,31.21,34.29,73.67,25.02,127.85,748.73,9.51,0.7,0.09,0.04,0.05,0.14,0.05,0.22,0.02,0.35,22.25,17.62,118.28,22.27,43.83,0.4,135.8,6.64,0.1,0.06,0.04,0.09,0.03,0.05,0.38,0.24,0.02,50.0,50.0,100.0,0.0,0.0,0.0,86.0,420.0,2764.5,639.0,4.3325,3.496,5.335,1375.5,871.0,2.25,19.9,16.9,1.9,Si
M,PKU 1,19.3,61.8,161.0,23.84167277,82.0,no,2.4,87.4,4.8,8.7,1.1,112.1,89.6,0.35,32.4,0.9,143.2,53.61,34.81,109.29,44.32,92.08,49.94,28.74,2.1,0.12,0.08,0.06,0.09,0.05,0.18,0.02,0.91,38.91,17.35,203.11,26.04,141.93,0.4,164.57,16.58,0.23,0.12,0.04,0.07,0.03,0.06,0.63,0.41,0.03,77.1,9.8,12.710765239948122,70.2,1.1359223300970875,91.1,66.5,132.5,1395.0,158.0,3.0595,2.4735,5.95,1114.0,440.5,0.75,13.35,11.85,0.3,No
F,PKU 1,19.6,56.6,151.3,24.72512951,75.0,no,4.6,94.6,5.2,3.6,0.5,52.7,210.0,0.39,46.6,0.8,104.41,43.63,57.08,83.69,36.68,55.08,42.29,18.48,0.8,0.08,0.04,0.07,0.15,0.05,0.15,0.02,1.38,39.42,24.08,207.18,18.35,274.89,0.28,112.75,12.56,0.08,0.09,0.05,0.13,0.04,0.08,0.49,0.26,0.05,57.3,22.4,39.09249563699826,39.0,0.6890459363957597,68.1,103.5,314.0,2456.0,149.0,3.596,2.901,1.735,442.0,599.5,2.05,13.45,8.75,0.4,No
F,Control,22.2,76.3,165.8,27.75591095,90.2,no,0.7,85.5,4.7,14.6,1.8,165.8,54.3,0.32,23.1,1.1,173.71,50.12,34.4,111.4,52.59,83.07,60.69,19.8,2.57,0.16,0.1,0.06,0.29,0.05,0.3,0.02,0.91,47.15,17.38,203.55,29.94,44.58,0.4,133.62,10.78,0.21,0.09,0.06,0.16,0.04,0.06,0.72,0.45,0.03,44.2,44.2,100.0,0.0,0.0,0.0,60.0,183.0,1634.0,277.0,3.886,3.284,5.56,166.0,466.0,0.8,9.2,14.4,0.2,No
M,Control,25.3,121.7,177.5,38.6272565,131.5,si,0.7,115.2,6.4,14.7,2.0,91.5,50.0,0.31,30.6,0.92,140.51,81.0,95.21,119.34,28.82,60.04,50.63,21.08,3.47,0.09,0.02,0.08,0.22,0.05,0.26,0.01,1.03,37.7,22.8,57.81,13.77,42.19,0.0,122.81,14.05,0.17,0.1,0.01,0.05,0.06,0.09,1.04,0.56,0.03,83.9,83.9,100.0,0.0,0.0,0.0,87.0,306.0,2401.5,251.5,4.479,3.578,5.19,225.0,936.5,1.35,16.75,12.35,1.1,No
M,PKU 2,22.4,56.7,176.0,18.3044938,74.0,no,7.5,93.8,5.2,5.9,0.8,73.5,128.7,0.36,19.0,0.6,79.8,40.48,34.62,81.7,44.59,46.89,34.84,19.86,1.14,0.11,0.1,0.06,0.08,0.04,0.18,0.02,0.89,20.3,17.9,215.04,18.17,450.65,0.17,114.72,9.6,0.13,0.06,0.03,0.07,0.04,0.07,0.39,0.39,0.04,125.8,81.5,64.78537360890303,65.0,1.146384479717813,51.6,91.0,231.5,2074.5,490.5,4.019,3.4025,4.025,261.5,1228.5,1.45,11.75,11.4,1.9,No
M,PKU 2,18.6,54.6,166.5,19.69537105,76.0,no,14.6,90.5,5.0,11.6,1.5,125.6,66.8,0.33,26.8,1.0,131.15,22.38,114.4,83.26,62.16,72.59,36.82,37.75,2.09,0.07,0.01,0.06,0.18,0.08,0.13,0.01,1.94,2674.0,26.83,410.56,15.82,1155.01,0.0,139.14,20.69,0.11,0.03,0.02,0.04,0.05,0.12,0.93,0.42,0.06,20.2,13.4,66.33663366336634,12.0,0.2197802197802197,59.4,73.0,191.5,1940.5,1.5,0.509,10.4775,32.105,2874.0,3080.5,3.9,47.95,45.95,25.3,No
M,PKU 2,17.6,68.6,168.5,24.16152295,78.0,no,14.3,88.8,4.9,9.9,1.3,117.4,78.5,0.34,50.7,0.7,104.91,41.0,46.44,88.01,37.37,80.41,36.45,22.55,1.66,0.1,0.05,0.05,0.11,0.03,0.27,0.02,0.8,30.58,26.85,244.45,9.88,857.43,0.25,104.63,10.97,0.1,0.05,0.03,0.09,0.02,0.14,0.39,0.41,0.04,90.5,40.8,45.08287292817679,67.5,0.9839650145772596,74.6,53.5,187.0,1415.5,289.0,2.0745,1.6155,2.25,207.0,260.0,1.35,12.0,8.65,1.1,No
M,Control,25.7,87.4,171.5,29.71550969,104.0,no,0.67,92.8,5.1,9.5,1.2,105.4,80.9,0.34,47.3,1.01,129.78,52.75,41.18,109.65,34.4,111.55,56.66,18.33,2.2,0.06,0.09,0.05,0.29,0.06,0.3,0.01,1.12,27.21,20.73,176.42,19.39,40.49,0.44,163.65,15.12,0.16,0.08,0.02,0.11,0.09,0.1,0.71,0.42,0.01,78.6,78.6,100.0,0.0,0.0,0.0,70.0,248.0,1923.0,217.5,3.825,3.2955,3.8,224.0,1075.5,1.1,10.15,9.0,0.5,No
M,Control,29.0,85.9,175.5,27.88938401,96.0,no,0.53,95.6,5.3,10.4,1.4,103.9,73.3,0.33,37.5,0.89,147.5,51.31,65.17,131.69,42.33,124.08,48.91,16.23,0.95,0.05,0.04,0.05,0.14,0.03,0.23,0.01,0.66,34.7,17.57,278.71,20.14,32.06,0.29,137.86,8.33,0.07,0.03,0.01,0.07,0.03,0.05,0.4,0.38,0.04,78.5,78.5,100.0,0.0,0.0,0.0,67.5,394.0,2627.5,13.5,1.187,8.3955,24.23,2447.5,2449.5,3.65,42.6,37.4,19.1,No
F,Control,19.1,61.2,160.0,23.90625,80.0,no,0.8,93.8,5.2,19.7,2.5,166.9,39.6,0.31,26.4,1.0,149.58,46.91,34.58,107.59,17.0,124.93,56.45,12.17,1.02,0.19,0.1,0.06,0.08,0.05,0.27,0.03,1.25,27.46,9.84,148.36,16.55,46.04,0.15,132.25,9.01,0.09,0.06,0.03,0.08,0.03,0.07,0.42,0.33,0.07,85.1,85.1,100.0,0.0,0.0,0.0,59.0,187.5,1912.0,0.0,0.3365,11.6255,22.505,1557.5,5186.0,2.5,69.35,55.25,26.7,Si
F,Control,28.9,84.6,156.7,34.45342252,107.0,si,0.78,86.7,4.8,35.4,4.3,290.0,23.1,0.29,36.6,0.57,171.04,26.97,105.81,130.75,29.07,81.36,31.29,18.68,1.4,0.12,0.03,0.05,0.04,0.03,0.19,0.01,0.48,15.0,4.43,61.9,19.37,47.0,0.1,176.0,9.59,0.05,0.06,0.02,0.08,0.02,0.04,0.52,0.24,0.05,101.1,101.1,100.0,0.0,0.0,0.0,20.5,210.5,1137.5,9.5,0.9645,2.55,1.14,1950.5,673.0,1.15,14.9,8.55,1.9,Si
M,PKU 2,26.0,76.9,164.0,28.59161214,100.0,si,20.4,96.4,5.3,22.9,2.9,178.4,34.1,0.3,6.1,0.8,184.7,58.8,48.65,110.0,17.0,122.41,41.79,17.1,1.49,0.11,0.05,0.05,0.11,0.03,0.17,0.01,0.55,36.95,23.01,271.99,32.94,1221.79,0.27,146.08,9.62,0.12,0.09,0.03,0.08,0.03,0.06,0.47,0.32,0.02,93.8,93.8,100.0,0.0,0.0,0.0,86.5,257.0,2138.5,246.0,3.7225,2.977,5.04,190.5,469.5,1.35,13.9,13.75,0.2,Si
F,Control,26.8,58.6,156.0,24.07955293,73.5,no,0.73,87.8,4.9,30.4,3.8,251.5,26.5,0.29,23.1,0.9,159.55,31.21,34.29,73.67,25.02,127.85,748.73,9.51,0.7,0.09,0.04,0.05,0.14,0.05,0.22,0.02,0.35,22.25,17.62,118.28,22.27,43.83,0.4,135.8,6.64,0.1,0.06,0.04,0.09,0.03,0.05,0.38,0.24,0.02,50.0,50.0,100.0,0.0,0.0,0.0,86.0,420.0,2764.5,639.0,4.3325,3.496,5.335,1375.5,871.0,2.25,19.9,16.9,1.9,Si
F,Control,18.1,79.4,151.4,34.63927169,90.0,si,0.57,107.4,6.0,19.9,2.7,127.8,37.8,0.3,22.4,0.9,157.18,30.48,53.11,77.71,34.29,77.96,49.54,17.21,1.43,0.1,0.05,0.06,0.06,0.04,0.27,0.01,0.7,24.99,18.11,136.65,15.31,34.02,0.33,107.09,10.38,0.09,0.03,0.02,0.04,0.02,0.04,0.62,0.35,0.05,100.7,100.7,100.0,0.0,0.0,0.0,154.0,437.0,3713.0,456.0,7.457,6.479,7.72,491.0,2369.0,2.4,17.3,22.7,1.1,Si
F,Control,19.1,61.2,160.0,23.90625,80.0,no,0.8,93.8,5.2,19.7,2.5,166.9,39.6,0.31,26.4,1.0,149.58,46.91,34.58,107.59,17.0,124.93,56.45,12.17,1.02,0.19,0.1,0.06,0.08,0.05,0.27,0.03,1.25,27.46,9.84,148.36,16.55,46.04,0.15,132.25,9.01,0.09,0.06,0.03,0.08,0.03,0.07,0.42,0.33,0.07,85.1,85.1,100.0,0.0,0.0,0.0,59.0,187.5,1912.0,0.0,0.3365,11.6255,22.505,1557.5,5186.0,2.5,69.35,55.25,26.7,Si
F,PKU 1,25.4,95.5,160.9,36.88852442,108.0,no,10.6,94.1,5.2,27.5,3.5,209.8,28.7,0.29,33.6,1.1,143.7,40.89,50.96,95.48,39.07,69.77,60.23,28.29,2.13,0.13,0.1,0.06,0.09,0.06,0.19,0.02,1.06,25.54,17.77,177.04,18.44,634.07,0.41,180.98,15.19,0.18,0.09,0.04,0.06,0.03,0.07,0.58,0.32,0.02,155.2,19.5,12.564432989690722,144.0,1.5078534031413613,92.8,52.0,182.5,1376.5,322.5,2.2825,1.888,3.42,218.0,596.5,0.6,9.05,10.1,2.2,Si
M,PKU 2,26.0,76.9,164.0,28.59161214,100.0,si,20.4,96.4,5.3,22.9,2.9,178.4,34.1,0.3,6.1,0.8,184.7,58.8,48.65,110.0,17.0,122.41,41.79,17.1,1.49,0.11,0.05,0.05,0.11,0.03,0.17,0.01,0.55,36.95,23.01,271.99,32.94,1221.79,0.27,146.08,9.62,0.12,0.09,0.03,0.08,0.03,0.06,0.47,0.32,0.02,93.8,93.8,100.0,0.0,0.0,0.0,86.5,257.0,2138.5,246.0,3.7225,2.977,5.04,190.5,469.5,1.35,13.9,13.75,0.2,Si
F,Control,19.1,61.2,160.0,23.90625,80.0,no,0.8,93.8,5.2,19.7,2.5,166.9,39.6,0.31,26.4,1.0,149.58,46.91,34.58,107.59,17.0,124.93,56.45,12.17,1.02,0.19,0.1,0.06,0.08,0.05,0.27,0.03,1.25,27.46,9.84,148.36,16.55,46.04,0.15,132.25,9.01,0.09,0.06,0.03,0.08,0.03,0.07,0.42,0.33,0.07,85.1,85.1,100.0,0.0,0.0,0.0,59.0,187.5,1912.0,0.0,0.3365,11.6255,22.505,1557.5,5186.0,2.5,69.35,55.25,26.7,Si
F,Control,28.9,84.6,156.7,34.45342252,107.0,si,0.78,86.7,4.8,35.4,4.3,290.0,23.1,0.29,36.6,0.57,171.04,26.97,105.81,130.75,29.07,81.36,31.29,18.68,1.4,0.12,0.03,0.05,0.04,0.03,0.19,0.01,0.48,15.0,4.43,61.9,19.37,47.0,0.1,176.0,9.59,0.05,0.06,0.02,0.08,0.02,0.04,0.52,0.24,0.05,101.1,101.1,100.0,0.0,0.0,0.0,20.5,210.5,1137.5,9.5,0.9645,2.55,1.14,1950.5,673.0,1.15,14.9,8.55,1.9,Si
F,Control,18.1,79.4,151.4,34.63927169,90.0,si,0.57,107.4,6.0,19.9,2.7,127.8,37.8,0.3,22.4,0.9,157.18,30.48,53.11,77.71,34.29,77.96,49.54,17.21,1.43,0.1,0.05,0.06,0.06,0.04,0.27,0.01,0.7,24.99,18.11,136.65,15.31,34.02,0.33,107.09,10.38,0.09,0.03,0.02,0.04,0.02,0.04,0.62,0.35,0.05,100.7,100.7,100.0,0.0,0.0,0.0,154.0,437.0,3713.0,456.0,7.457,6.479,7.72,491.0,2369.0,2.4,17.3,22.7,1.1,Si
F,Control,28.9,84.6,156.7,34.45342252,107.0,si,0.78,86.7,4.8,35.4,4.3,290.0,23.1,0.29,36.6,0.57,171.04,26.97,105.81,130.75,29.07,81.36,31.29,18.68,1.4,0.12,0.03,0.05,0.04,0.03,0.19,0.01,0.48,15.0,4.43,61.9,19.37,47.0,0.1,176.0,9.59,0.05,0.06,0.02,0.08,0.02,0.04,0.52,0.24,0.05,101.1,101.1,100.0,0.0,0.0,0.0,20.5,210.5,1137.5,9.5,0.9645,2.55,1.14,1950.5,673.0,1.15,14.9,8.55,1.9,Si
F,Control,19.1,61.2,160.0,23.90625,80.0,no,0.8,93.8,5.2,19.7,2.5,166.9,39.6,0.31,26.4,1.0,149.58,46.91,34.58,107.59,17.0,124.93,56.45,12.17,1.02,0.19,0.1,0.06,0.08,0.05,0.27,0.03,1.25,27.46,9.84,148.36,16.55,46.04,0.15,132.25,9.01,0.09,0.06,0.03,0.08,0.03,0.07,0.42,0.33,0.07,85.1,85.1,100.0,0.0,0.0,0.0,59.0,187.5,1912.0,0.0,0.3365,11.6255,22.505,1557.5,5186.0,2.5,69.35,55.25,26.7,Si
F,PKU 2,25.4,114.1,161.0,44.01836349,123.5,no,14.6,87.1,4.8,52.0,6.2,376.1,16.2,0.27,20.0,0.5,106.44,25.65,34.18,72.48,22.74,43.65,27.41,17.63,1.5,0.11,0.04,0.06,0.11,0.05,0.16,0.02,0.58,26.12,14.13,185.71,47.17,877.86,0.2,118.49,13.81,0.13,0.1,0.04,0.07,0.04,0.09,0.46,0.23,0.03,28.9,28.9,100.0,0.0,0.0,0.0,114.0,385.0,3052.0,620.5,6.934,5.278,5.435,625.5,1559.5,3.1,26.8,18.6,2.0,Si
F,Control,18.1,79.4,151.4,34.63927169,90.0,si,0.57,107.4,6.0,19.9,2.7,127.8,37.8,0.3,22.4,0.9,157.18,30.48,53.11,77.71,34.29,77.96,49.54,17.21,1.43,0.1,0.05,0.06,0.06,0.04,0.27,0.01,0.7,24.99,18.11,136.65,15.31,34.02,0.33,107.09,10.38,0.09,0.03,0.02,0.04,0.02,0.04,0.62,0.35,0.05,100.7,100.7,100.0,0.0,0.0,0.0,154.0,437.0,3713.0,456.0,7.457,6.479,7.72,491.0,2369.0,2.4,17.3,22.7,1.1,Si
F,Control,19.1,61.2,160.0,23.90625,80.0,no,0.8,93.8,5.2,19.7,2.5,166.9,39.6,0.31,26.4,1.0,149.58,46.91,34.58,107.59,17.0,124.93,56.45,12.17,1.02,0.19,0.1,0.06,0.08,0.05,0.27,0.03,1.25,27.46,9.84,148.36,16.55,46.04,0.15,132.25,9.01,0.09,0.06,0.03,0.08,0.03,0.07,0.42,0.33,0.07,85.1,85.1,100.0,0.0,0.0,0.0,59.0,187.5,1912.0,0.0,0.3365,11.6255,22.505,1557.5,5186.0,2.5,69.35,55.25,26.7,Si
F,Control,18.1,79.4,151.4,34.63927169,90.0,si,0.57,107.4,6.0,19.9,2.7,127.8,37.8,0.3,22.4,0.9,157.18,30.48,53.11,77.71,34.29,77.96,49.54,17.21,1.43,0.1,0.05,0.06,0.06,0.04,0.27,0.01,0.7,24.99,18.11,136.65,15.31,34.02,0.33,107.09,10.38,0.09,0.03,0.02,0.04,0.02,0.04,0.62,0.35,0.05,100.7,100.7,100.0,0.0,0.0,0.0,154.0,437.0,3713.0,456.0,7.457,6.479,7.72,491.0,2369.0,2.4,17.3,22.7,1.1,Si
F,PKU 2,25.4,114.1,161.0,44.01836349,123.5,no,14.6,87.1,4.8,52.0,6.2,376.1,16.2,0.27,20.0,0.5,106.44,25.65,34.18,72.48,22.74,43.65,27.41,17.63,1.5,0.11,0.04,0.06,0.11,0.05,0.16,0.02,0.58,26.12,14.13,185.71,47.17,877.86,0.2,118.49,13.81,0.13,0.1,0.04,0.07,0.04,0.09,0.46,0.23,0.03,28.9,28.9,100.0,0.0,0.0,0.0,114.0,385.0,3052.0,620.5,6.934,5.278,5.435,625.5,1559.5,3.1,26.8,18.6,2.0,Si
F,Control,18.1,79.4,151.4,34.63927169,90.0,si,0.57,107.4,6.0,19.9,2.7,127.8,37.8,0.3,22.4,0.9,157.18,30.48,53.11,77.71,34.29,77.96,49.54,17.21,1.43,0.1,0.05,0.06,0.06,0.04,0.27,0.01,0.7,24.99,18.11,136.65,15.31,34.02,0.33,107.09,10.38,0.09,0.03,0.02,0.04,0.02,0.04,0.62,0.35,0.05,100.7,100.7,100.0,0.0,0.0,0.0,154.0,437.0,3713.0,456.0,7.457,6.479,7.72,491.0,2369.0,2.4,17.3,22.7,1.1,Si
F,PKU 2,26.5,81.7,154.0,34.44931692,107.5,no,19.3,91.4,5.1,42.0,5.2,290.8,19.4,0.28,16.0,0.7,126.52,25.52,54.26,84.19,39.34,68.57,53.86,16.93,0.5,0.04,0.01,0.06,11.0,0.03,0.07,0.01,0.39,36.16,23.7,216.99,18.64,877.09,0.0,173.41,6.71,0.1,0.03,0.01,0.0,0.03,0.07,0.4,0.19,0.01,41.8,41.8,100.0,0.0,0.0,0.0,163.0,443.5,3862.5,542.0,7.031,5.9055,5.9,1996.5,1840.5,2.0,22.5,17.55,1.4,Si
M,PKU 2,26.0,76.9,164.0,28.59161214,100.0,si,20.4,96.4,5.3,22.9,2.9,178.4,34.1,0.3,6.1,0.8,184.7,58.8,48.65,110.0,17.0,122.41,41.79,17.1,1.49,0.11,0.05,0.05,0.11,0.03,0.17,0.01,0.55,36.95,23.01,271.99,32.94,1221.79,0.27,146.08,9.62,0.12,0.09,0.03,0.08,0.03,0.06,0.47,0.32,0.02,93.8,93.8,100.0,0.0,0.0,0.0,86.5,257.0,2138.5,246.0,3.7225,2.977,5.04,190.5,469.5,1.35,13.9,13.75,0.2,Si
F,PKU 1,25.4,95.5,160.9,36.88852442,108.0,no,10.6,94.1,5.2,27.5,3.5,209.8,28.7,0.29,33.6,1.1,143.7,40.89,50.96,95.48,39.07,69.77,60.23,28.29,2.13,0.13,0.1,0.06,0.09,0.06,0.19,0.02,1.06,25.54,17.77,177.04,18.44,634.07,0.41,180.98,15.19,0.18,0.09,0.04,0.06,0.03,0.07,0.58,0.32,0.02,155.2,19.5,12.564432989690722,144.0,1.5078534031413613,92.8,52.0,182.5,1376.5,322.5,2.2825,1.888,3.42,218.0,596.5,0.6,9.05,10.1,2.2,Si
F,Control,18.1,79.4,151.4,34.63927169,90.0,si,0.57,107.4,6.0,19.9,2.7,127.8,37.8,0.3,22.4,0.9,157.18,30.48,53.11,77.71,34.29,77.96,49.54,17.21,1.43,0.1,0.05,0.06,0.06,0.04,0.27,0.01,0.7,24.99,18.11,136.65,15.31,34.02,0.33,107.09,10.38,0.09,0.03,0.02,0.04,0.02,0.04,0.62,0.35,0.05,100.7,100.7,100.0,0.0,0.0,0.0,154.0,437.0,3713.0,456.0,7.457,6.479,7.72,491.0,2369.0,2.4,17.3,22.7,1.1,Si
M,PKU 2,26.0,76.9,164.0,28.59161214,100.0,si,20.4,96.4,5.3,22.9,2.9,178.4,34.1,0.3,6.1,0.8,184.7,58.8,48.65,110.0,17.0,122.41,41.79,17.1,1.49,0.11,0.05,0.05,0.11,0.03,0.17,0.01,0.55,36.95,23.01,271.99,32.94,1221.79,0.27,146.08,9.62,0.12,0.09,0.03,0.08,0.03,0.06,0.47,0.32,0.02,93.8,93.8,100.0,0.0,0.0,0.0,86.5,257.0,2138.5,246.0,3.7225,2.977,5.04,190.5,469.5,1.35,13.9,13.75,0.2,Si
F,Control,26.8,58.6,156.0,24.07955293,73.5,no,0.73,87.8,4.9,30.4,3.8,251.5,26.5,0.29,23.1,0.9,159.55,31.21,34.29,73.67,25.02,127.85,748.73,9.51,0.7,0.09,0.04,0.05,0.14,0.05,0.22,0.02,0.35,22.25,17.62,118.28,22.27,43.83,0.4,135.8,6.64,0.1,0.06,0.04,0.09,0.03,0.05,0.38,0.24,0.02,50.0,50.0,100.0,0.0,0.0,0.0,86.0,420.0,2764.5,639.0,4.3325,3.496,5.335,1375.5,871.0,2.25,19.9,16.9,1.9,Si
F,PKU 1,25.4,95.5,160.9,36.88852442,108.0,no,10.6,94.1,5.2,27.5,3.5,209.8,28.7,0.29,33.6,1.1,143.7,40.89,50.96,95.48,39.07,69.77,60.23,28.29,2.13,0.13,0.1,0.06,0.09,0.06,0.19,0.02,1.06,25.54,17.77,177.04,18.44,634.07,0.41,180.98,15.19,0.18,0.09,0.04,0.06,0.03,0.07,0.58,0.32,0.02,155.2,19.5,12.564432989690722,144.0,1.5078534031413613,92.8,52.0,182.5,1376.5,322.5,2.2825,1.888,3.42,218.0,596.5,0.6,9.05,10.1,2.2,Si
F,PKU 2,26.5,81.7,154.0,34.44931692,107.5,no,19.3,91.4,5.1,42.0,5.2,290.8,19.4,0.28,16.0,0.7,126.52,25.52,54.26,84.19,39.34,68.57,53.86,16.93,0.5,0.04,0.01,0.06,11.0,0.03,0.07,0.01,0.39,36.16,23.7,216.99,18.64,877.09,0.0,173.41,6.71,0.1,0.03,0.01,0.0,0.03,0.07,0.4,0.19,0.01,41.8,41.8,100.0,0.0,0.0,0.0,163.0,443.5,3862.5,542.0,7.031,5.9055,5.9,1996.5,1840.5,2.0,22.5,17.55,1.4,Si
F,Control,18.1,79.4,151.4,34.63927169,90.0,si,0.57,107.4,6.0,19.9,2.7,127.8,37.8,0.3,22.4,0.9,157.18,30.48,53.11,77.71,34.29,77.96,49.54,17.21,1.43,0.1,0.05,0.06,0.06,0.04,0.27,0.01,0.7,24.99,18.11,136.65,15.31,34.02,0.33,107.09,10.38,0.09,0.03,0.02,0.04,0.02,0.04,0.62,0.35,0.05,100.7,100.7,100.0,0.0,0.0,0.0,154.0,437.0,3713.0,456.0,7.457,6.479,7.72,491.0,2369.0,2.4,17.3,22.7,1.1,Si
F,PKU 1,25.4,95.5,160.9,36.88852442,108.0,no,10.6,94.1,5.2,27.5,3.5,209.8,28.7,0.29,33.6,1.1,143.7,40.89,50.96,95.48,39.07,69.77,60.23,28.29,2.13,0.13,0.1,0.06,0.09,0.06,0.19,0.02,1.06,25.54,17.77,177.04,18.44,634.07,0.41,180.98,15.19,0.18,0.09,0.04,0.06,0.03,0.07,0.58,0.32,0.02,155.2,19.5,12.564432989690722,144.0,1.5078534031413613,92.8,52.0,182.5,1376.5,322.5,2.2825,1.888,3.42,218.0,596.5,0.6,9.05,10.1,2.2,Si
F,PKU 2,25.4,114.1,161.0,44.01836349,123.5,no,14.6,87.1,4.8,52.0,6.2,376.1,16.2,0.27,20.0,0.5,106.44,25.65,34.18,72.48,22.74,43.65,27.41,17.63,1.5,0.11,0.04,0.06,0.11,0.05,0.16,0.02,0.58,26.12,14.13,185.71,47.17,877.86,0.2,118.49,13.81,0.13,0.1,0.04,0.07,0.04,0.09,0.46,0.23,0.03,28.9,28.9,100.0,0.0,0.0,0.0,114.0,385.0,3052.0,620.5,6.934,5.278,5.435,625.5,1559.5,3.1,26.8,18.6,2.0,Si
F,PKU 2,26.5,81.7,154.0,34.44931692,107.5,no,19.3,91.4,5.1,42.0,5.2,290.8,19.4,0.28,16.0,0.7,126.52,25.52,54.26,84.19,39.34,68.57,53.86,16.93,0.5,0.04,0.01,0.06,11.0,0.03,0.07,0.01,0.39,36.16,23.7,216.99,18.64,877.09,0.0,173.41,6.71,0.1,0.03,0.01,0.0,0.03,0.07,0.4,0.19,0.01,41.8,41.8,100.0,0.0,0.0,0.0,163.0,443.5,3862.5,542.0,7.031,5.9055,5.9,1996.5,1840.5,2.0,22.5,17.55,1.4,Si
F,Control,19.1,61.2,160.0,23.90625,80.0,no,0.8,93.8,5.2,19.7,2.5,166.9,39.6,0.31,26.4,1.0,149.58,46.91,34.58,107.59,17.0,124.93,56.45,12.17,1.02,0.19,0.1,0.06,0.08,0.05,0.27,0.03,1.25,27.46,9.84,148.36,16.55,46.04,0.15,132.25,9.01,0.09,0.06,0.03,0.08,0.03,0.07,0.42,0.33,0.07,85.1,85.1,100.0,0.0,0.0,0.0,59.0,187.5,1912.0,0.0,0.3365,11.6255,22.505,1557.5,5186.0,2.5,69.35,55.25,26.7,Si
